url_name,ticker_symbol,export_timestamp
Smart Money,ATRO,2025-06-30T05:17:31.063777
Smart Money,AVAV,2025-06-30T05:17:31.063789
Smart Money,CAKE,2025-06-30T05:17:31.063793
Smart Money,CALM,2025-06-30T05:17:31.063797
Smart Money,CAR,2025-06-30T05:17:31.063801
Smart Money,CRMT,2025-06-30T05:17:31.063804
Smart Money,ETSY,2025-06-30T05:17:31.063808
Smart Money,FLNC,2025-06-30T05:17:31.063811
Smart Money,GOLF,2025-06-30T05:17:31.063815
Smart Money,HLF,2025-06-30T05:17:31.063818
Smart Money,MEDP,2025-06-30T05:17:31.063821
Smart Money,MGNI,2025-06-30T05:17:31.063824
Smart Money,MODV,2025-06-30T05:17:31.063827
Smart Money,MP,2025-06-30T05:17:31.063831
Smart Money,ODD,2025-06-30T05:17:31.063834
Smart Money,PBF,2025-06-30T05:17:31.063837
Smart Money,PII,2025-06-30T05:17:31.063840
Smart Money,RDFN,2025-06-30T05:17:31.063844
Smart Money,SHAK,2025-06-30T05:17:31.063847
Smart Money,THO,2025-06-30T05:17:31.063851
