url_name,ticker_symbol,timestamp
TPS with Options,CORZ,2025-06-30_21-08-59
TPS with Options,OSCR,2025-06-30_21-08-59
TPS with Options,SPRY,2025-06-30_21-08-59
TPS with Options,TSSI,2025-06-30_21-08-59
TPS with Options,PGY,2025-06-30_21-08-59
TPS with Options,LITE,2025-06-30_21-08-59
TPS with Options,BTSG,2025-06-30_21-08-59
TPS with Options,SYM,2025-06-30_21-08-59
TPS with Options,URBN,2025-06-30_21-08-59
TPS with Options,ODD,2025-06-30_21-08-59
TPS with Options,CBRL,2025-06-30_21-08-59
TPS with Options,JBGS,2025-06-30_21-08-59
TPS with Options,TRUP,2025-06-30_21-08-59
TPS with Options,INVA,2025-06-30_21-08-59
TPS with Options,GOLF,2025-06-30_21-08-59
TPS with Options,MIRM,2025-06-30_21-08-59
